,3vs6,3vs9,3vs12,3vs15,3vs18,3vs21,3vs24,3vs27
AAA,-0.061475136418426946,0.03599919885037589,-0.005526907234367662,0.04283140680397657,0.0035750484470858934,0.009532825197324568,-0.01680735499995667,-0.07389775115939357
AAG,0.061475136418426946,-0.03599919885037606,0.005526907234367995,-0.04283140680397657,-0.0035750484470860044,-0.00953282519732479,0.01680735499995678,0.07389775115939345
AAC,0.025865701343148473,0.06372400408553758,0.0034102418574852855,0.005901731518744846,0.021957339381888152,-0.004358341317647341,0.0345935959738799,0.08496466697863303
AAT,-0.025865701343148806,-0.06372400408553758,-0.0034102418574850635,-0.005901731518744735,-0.021957339381888263,0.00435834131764723,-0.03459359597388023,-0.08496466697863314
ACA,-0.008929932554699871,0.05767910584874614,0.07588612488951973,-0.0039479551044019345,0.0005276632424022765,0.018076758915753555,0.002618251758299328,-0.06860097315051483
ACC,-0.06596750651370642,0.09652472742709173,-0.028682971248643385,0.025421023320170377,0.04236852867168173,0.02262855527015284,0.027056152131412325,0.11820996741135881
ACG,0.08790548205614224,0.028613857421806055,-0.05698754648500076,-0.01882344413057918,0.009038037271914323,-0.023128467544341558,0.006265567831997831,0.014508079780604477
ACT,-0.013008042987736057,-0.18281769069764375,0.009784392844123913,-0.0026496240851897612,-0.051934229185998104,-0.017576846641564003,-0.03593997172170993,-0.06411707404144806
AGA,-0.010448221289797388,-0.17486879169453728,0.05019131233198548,0.026660073052156452,-0.05555510185382895,0.014822090193719717,-0.07235818561263296,-0.180790539278175
AGG,0.10002273410230167,0.21422975133238986,0.11870208403570626,0.05424532420015549,-0.012423617881483606,0.06133560723697462,-0.03754217747658317,-0.053752020450179794
CGA,-0.15578777518861253,0.006938039577459532,-0.14331073901019575,0.04023473690215751,-0.02481576202680502,-0.01587980185663629,-0.014954419748221426,-0.010783608343381879
CGC,0.11047151690995771,0.0038154316194353166,-0.04798249137701882,-0.08725463395414046,0.06872422602951755,-0.030503426802811484,0.11072263473327704,0.1402277459302972
CGG,-0.012095654325914751,0.04660746271956251,0.042107884994515454,-0.07416825104530322,0.011454066185292877,-0.014741806510069067,0.019481635553674215,0.1011545892588448
CGT,-0.03216260020793471,-0.09672189355430971,-0.019708050974991953,0.04028275084497629,0.012616189547307366,-0.01503266226117772,-0.005349487449513024,0.0039438328825945335
AGC,0.042163563131330406,0.02282572971986907,-0.0665305070414206,-0.11072937301870889,-0.05366542677268438,-0.043938212532712795,0.01175230600450261,0.04998409678078142
AGT,0.047223402010863724,-0.1356512263170555,0.016962008662310124,-0.014721213016134493,0.005829117452280208,-0.021974981984791198,-0.013433320579727237,-0.04368599846378485
TCA,-0.05777939132389509,-0.007831751232413087,0.03988246926875494,0.014384145224657141,-0.04033555346465767,-0.02599494155244797,-0.030634963650304936,-0.07754435554324712
TCC,-0.04714182532067168,0.04199278696345843,-0.0618818560296055,-0.01152832932410286,0.04229267844999218,0.0363502794195949,0.028393997807759197,0.06864365185804755
TCG,0.029634625646834667,-0.002990272667310667,-0.043013946430685124,-0.031005770399164467,-0.02459692403557373,-0.005325060880296273,0.005178552200948705,0.020296658401435963
TCT,-0.014100374144461303,0.08165473353345098,0.11458183157064772,0.1536005405334535,0.07047610837064333,0.06088291753065356,-0.0012565717831785062,-0.017694053033234347
ATA,0.04165194177099518,0.0786702521977363,0.04905319197025326,0.012572236880230403,-0.024314531233282644,-0.013116035458857978,0.0065775847333161,-0.0404353427922729
ATC,-0.04339608770766823,0.15281144076844244,-0.08141658354537396,-0.016586267686697465,0.020586154104455856,0.031278865851662285,0.04157584809084325,0.1076232005926201
ATT,0.0017441459366730472,-0.2314816929661787,0.0323633915751208,0.004014030806467561,0.0037283771288265655,-0.01816283039280442,-0.048153432824159514,-0.06718785780034708
ATG,0.0,0.0,0.0,0.0,0.0,0.0,0.0,0.0
TTC,0.004259039075754645,-0.022870808710680146,-0.01786782389448094,-0.06642839382962662,0.005768216791010916,-0.019650837284731493,0.020746570625031602,0.06304169298537499
TTT,-0.004259039075754756,0.022870808710680257,0.01786782389448094,0.06642839382962662,-0.005768216791011027,0.01965083728473138,-0.020746570625031713,-0.06304169298537521
TAC,0.02549373787072473,-0.03767673494452417,-0.07060919890738004,-0.007704143511330752,-0.014278234564227388,-0.02217860082263634,0.025549173126610203,0.03933939610103687
TAT,-0.025493737870724398,0.03767673494452417,0.07060919890737982,0.007704143511330641,0.014278234564227499,0.02217860082263634,-0.025549173126610092,-0.03933939610103665
TGC,-0.06907308990577654,-0.08441983630027505,-0.11572946377706095,-0.1278567646287614,0.0044606639782185376,-0.0408708230852195,0.001154862178301519,0.03256513021249674
TGT,0.06907308990577665,0.08441983630027494,0.11572946377706117,0.12785676462876128,-0.0044606639782185376,0.04087082308521972,-0.00115486217830163,-0.03256513021249652
TGG,0.0,0.0,0.0,0.0,0.0,0.0,0.0,0.0
CTA,-0.018436026157008012,0.01145533215655653,0.035376328085391096,0.022891786684000714,0.010464210741892632,-0.011951777720715873,0.005402113103257722,-0.026693561436533786
CTC,-0.051849586389030256,0.016411215893634035,-0.0649591053698384,-0.019693052736291072,0.014723575606461203,-0.00856465154441799,0.014362417918467374,0.05288743860023404
CTG,-0.025343385351606962,0.06633557454386674,-0.11972497267981774,-0.14600850039457036,-0.015618987025895148,-0.02045871630678242,0.08085113445054137,0.20132903751617137
CTT,0.04461633206412152,-0.08569845264689002,0.03319813085045653,0.06646474595697671,-0.01967208841482848,0.005901701698912465,-0.032843702021975174,-0.07264924869730471
TTA,0.02461849358864235,0.004094649644697745,0.03751468634855662,0.026387637583675072,-0.006848085432431705,-0.0026624798799453064,-0.03866322577980791,-0.09565299432891655
TTG,0.02639417224488161,-0.01259831959186486,0.07859493276525131,0.049957382906209546,0.016951374524800444,0.03773592375294843,-0.02910873767048261,-0.059220671653650525
CCA,-0.12164725269625298,0.04460653026900341,0.014386005647822442,0.0806540410425658,-0.028766100147860962,0.04889197546439339,-0.021045809463126952,-0.06535832913971751
CCC,0.13104348685713085,-0.06476013746527665,-0.07837152904623412,-0.14307184968006093,-0.014593865613015566,-0.038601203222363045,0.01623144709248936,0.052273650515485715
CCG,0.06992984946324737,-0.00863112559951909,0.022680400023185054,-0.06397523944879296,-0.026704544990705625,-0.042703780948295134,-0.005384850922803219,0.013689452825739135
CCT,-0.07932608362412585,0.028784732795791745,0.041305123375227515,0.12639304808628826,0.0700645107515836,0.03241300870626396,0.010199213293440756,-0.0006047742015078406
CAC,-0.08751738239513118,0.014099459606397025,-0.0255747174233647,-0.08834388821862338,0.007480807050290084,0.0072511523057468,0.020959957888452063,0.06171471309961407
CAT,0.08751738239513118,-0.014099459606397025,0.0255747174233647,0.08834388821862327,-0.007480807050289862,-0.007251152305747022,-0.02095995788845173,-0.06171471309961396
CAA,-0.06032039537896505,-0.05070294778289142,0.03002134361631159,0.01850939236389193,0.018156837653426128,0.018957895314403173,0.00893771072892574,-0.02933796118303722
CAG,0.06032039537896483,0.050702947782891306,-0.030021343616311702,-0.01850939236389193,-0.01815683765342624,-0.018957895314403395,-0.008937710728925685,0.02933796118303733
GTA,0.029880799494039073,0.026707786579473647,0.018378131107114004,0.014546638942495194,-0.00979205140299838,-0.04522757484397566,-0.010960991479158466,-0.057609215704801986
GTC,-0.08668668305992022,0.03801959032985058,-0.04372535351644946,-0.021059536572672677,-0.00839278431335444,0.007012731436296882,-0.010880354426822558,0.03180188556047603
GTG,0.07471849499132532,0.04948031238185102,-0.017474046177544444,-0.030604202978220307,0.03024668649886575,0.025385611506089534,0.06866045891952832,0.11251358873221351
GTT,-0.017912611425444536,-0.11420768929117542,0.04282126858688051,0.037117100608397624,-0.012061850782512873,0.0128292319015898,-0.04681911301354735,-0.08670625858788772
GCA,-0.0030554594793869017,-0.006291470240274766,0.04765008542648197,0.05083809660576177,-0.03041782907445234,-0.02573712375595627,-0.024591930871708856,-0.08313288750038317
GCC,-0.08407083537168036,0.10768656167381807,-0.05268114349986597,0.045444752772259234,0.03518235160584626,0.024377446479135312,0.0592960173688315,0.10345011473515164
GCG,0.19393365486716688,-0.10059967145034515,0.03306167838176033,-0.1384797739214884,-0.013087970919194891,-0.0012184756470772218,0.012577629095363918,0.019788961289065654
GCT,-0.10680736001609992,-0.0007954199831987641,-0.02803062030837622,0.042196924543467906,0.008323448387800969,0.0025781529238986245,-0.047281715592486284,-0.040106188523834074
GGA,0.010192846155626545,-0.06005091158941345,0.08879899451331008,0.042806380199255534,-0.05891670097333168,-0.02270041090752073,-0.03726873288889698,-0.08298555507482264
GGC,0.09285021789303705,-0.013801036611432727,-0.05965686439330775,-0.05657183455670922,0.03042451317207462,-0.0038546083167727563,0.016227499414986024,0.08571635244314235
GGG,-0.05797591399279067,0.06862170076194563,0.07029698269523887,-0.0034932499643882675,0.02900160134140206,0.011188646285271386,0.023851453609270545,0.022264910675376837
GGT,-0.04506715005587236,0.005230247438900437,-0.09943911281524109,0.017258704321842733,-0.0005094135401452204,0.015366372939022432,-0.0028102201353593648,-0.024995708043696774
GAC,0.025429588558345317,0.06822426021887473,-0.05013408816854992,-0.054854213207728986,0.018828692475417963,-0.01903940999535325,0.015796165168060927,0.05741592223305214
GAT,-0.02542958855834565,-0.06822426021887462,0.05013408816854992,0.0548542132077291,-0.018828692475418074,0.019039409995353362,-0.015796165168060816,-0.05741592223305192
GAA,-0.051934902232111946,0.04637534646986674,0.02796404442545386,0.06303292303530117,-0.010182377209957405,-0.013716789436167942,-0.03298548730263717,-0.06901504145359427
GAG,0.05193490223211206,-0.04637534646986663,-0.027964044425454082,-0.06303292303530128,0.010182377209957405,0.013716789436168275,0.03298548730263717,0.06901504145359438
TAA,0.0,0.0,-0.11253953461296029,0.17927671408067125,-0.2511485005253893,-0.15695463433945345,-0.08424007777202958,-0.15533847699277192
TAG,-0.278015269773052,-0.32500588677223274,0.05287450895307799,-0.04697250741672765,0.03175887416600787,0.021748657559707563,-0.01142891036922744,-0.02439719263328277
TGA,0.278015269773052,0.3250058867722325,0.059665025659881854,-0.13230420666394416,0.2193896263593813,0.13520597677974577,0.09566898814125668,0.17973566962605436
