,27vs3,3vs6,6vs9,9vs12,12vs15,21vs24
AAA,0.010590806963247545,-0.004961517848715902,-0.016835647112374508,-0.014984255613055497,-0.021589328068854274,0.07444283824122211
AAG,-0.010590806963247434,0.004961517848715902,0.016835647112374286,0.01498425561305572,0.021589328068854274,-0.07444283824122189
AAC,-0.03531057344413058,0.00869544200605521,-0.015619070938758473,-0.2815769607770491,0.008202619138301559,0.19213177790996738
AAT,0.035310573444130244,-0.008695442006055432,0.015619070938758306,0.2815769607770493,-0.008202619138301559,-0.19213177790996705
ACA,0.07361498223658125,-0.04265344829736761,0.04948709497275269,0.2651033463472259,-0.026920236246669837,0.0032123530294860814
ACC,-0.06960703382407352,0.07157802804638136,0.09897418994550539,-0.14710470854857105,0.02239972829414172,0.08159531575524404
ACG,-0.030159304543834975,0.010946564781929291,-0.2969225698365161,-0.03725196082806537,-0.004099198216657551,-0.0852335753047358
ACT,0.026151356131327352,-0.03987114453094309,0.14846128491825808,-0.08074667697058902,0.00861970616918628,0.00042590652000606966
AGA,0.077481950468139,0.029846039983589145,-0.002641040479602008,0.08348475613167317,-0.028617055554691406,-0.04287000634524829
AGG,0.046021041061634405,-0.019343456892034316,0.012544942278110316,-0.4862850948369126,0.004320808155496625,0.302798059981527
CGA,-0.027176215847807494,-0.028590653315150982,-0.003961560719403012,0.28070464502016623,0.016729809295120357,-0.12094148458212789
CGC,-0.007102165699984564,0.010992489696254326,0.0,0.07795830255506841,0.0020981337580628923,-0.10747357917345379
CGG,-0.08201897727409291,-0.09512950043323265,-0.005942341079104629,-0.1055974212893479,-0.004342310013361272,0.01491814766786137
CGT,-0.007205632707887655,0.10222508096057492,0.0,0.1497348124193524,0.009810614359374137,-0.04643113754855854
AGC,-0.06574978872550896,0.07369614410054659,-0.014787230758968706,0.5106816578424889,0.00590592034766213,0.41070486065764467
AGT,0.040567734833875435,0.005977734008376423,0.017251769218796564,0.23579747934799178,-0.011986872885030309,0.13176991073155686
TCA,0.01803869356451382,0.03733650601216121,-0.024645384598281028,0.08985487290523653,0.011443607416800505,0.02920488810740829
TCC,-0.0007381439124620748,0.017794961800407405,0.017251769218796564,-0.7525499184413653,0.022176318464552258,-0.24892664829109523
TCG,-0.021361359435949967,-0.02191751828691707,0.0,-0.007434342596749632,-0.0066982028769799196,-0.057000690997446285
TCT,0.02924286367553175,-0.11288782763457439,0.004929076919656161,-0.07634974905760239,-0.020840770467003722,-0.2657523202080688
ATA,0.028657882277074997,-0.050603146608777905,0.006622883205149675,0.053300688259990625,-0.005920213963533538,-0.11236134833938327
ATC,-0.048253735146420285,0.08121913192499441,-0.011038138675249609,0.39716205030810015,0.017794257241095623,0.2607951442722909
ATT,0.019595852869344954,-0.030615985316216676,0.004415255470099577,-0.45046273856809127,-0.011874043277561697,-0.14843379593290806
ATG,0.0,0.0,0.0,0.0,0.0,0.0
TTC,-0.028972330047124073,-0.004576131653175386,-0.017794256984641432,0.2089830955507581,0.018187825398473745,-0.1019224763731994
TTT,0.028972330047124295,0.004576131653175164,0.017794256984641266,-0.20898309555075822,-0.018187825398473856,0.1019224763731994
TAC,-0.036902845121665306,0.0034231675466507294,0.00331876820731547,-0.3399926517304024,0.010565671273123245,0.41315378987399287
TAT,0.036902845121665195,-0.0034231675466508404,-0.00331876820731547,0.3399926517304026,-0.010565671273123245,-0.41315378987399287
TGC,-0.031215445138446762,0.06298501849820615,-0.026375080103895554,-0.06723807131058823,0.002043620453814121,0.3379193107208772
TGT,0.03121544513844654,-0.06298501849820615,0.026375080103895655,0.06723807131058823,-0.002043620453814121,-0.3379193107208772
TGG,0.0,0.0,0.0,0.0,0.0,0.0
CTA,0.021832510160172514,0.00942981616495242,0.03769831500930776,-0.856873643976694,-0.002959013348751871,-0.2211473260874039
CTC,0.0077667573700215264,-0.022952511907607054,0.07539663001861552,0.3901764241512151,0.0002195410160392708,0.1359362295757649
CTG,-0.08263726820548989,0.10939564473273267,-0.06597205126628847,0.7942789660472451,0.02764472384139971,0.20718593564596333
CTT,-0.0033058063041508934,-0.0182147241263535,-0.05183518313779811,-0.21595444855403412,-0.010075478461867626,-0.10264065302826053
TTA,0.03538808574453578,-0.07434639852992972,0.0,0.07919180708962778,-0.019671516055457305,-0.03998153578442468
TTG,0.02095572123491085,-0.0033118263337952314,0.004712289376163525,-0.1908191047573604,0.004841743008637156,0.02064734967836168
CCA,0.06152694546890669,-0.09765013248658838,0.021211957498754538,0.4654787133561439,-0.0014723164782401987,-0.4733111311081926
CCC,-0.010609690285869888,0.008215190793396276,-0.01272717449925298,-0.5976451356661965,0.02140934220512647,-0.4623867828432301
CCG,-0.04114697306254511,-0.0474750100877617,0.0,0.09249902256423415,-0.006436010911101742,0.09070677750385592
CCT,-0.00977028212049258,0.13690995178095333,-0.008484782999501839,0.039667399745818455,-0.013501014815784584,0.8449911364475668
CAC,-0.05814939719657963,0.0037580427849299713,0.014399628051066427,0.13427587804868302,-0.010948983115466326,0.28563419166419113
CAT,0.058149397196579744,-0.0037580427849303044,-0.01439962805106676,-0.13427587804868313,0.010948983115466326,-0.28563419166419124
CAA,0.04041311684489468,-0.002521365957770305,-0.0042536700833788466,0.08354552755375333,0.0011703189040657147,-0.039577858738372385
CAG,-0.04041311684489424,0.002521365957770527,0.0042536700833786245,-0.08354552755375333,-0.0011703189040654927,0.039577858738372385
GTA,0.016315034650731974,-0.018951754068598614,0.0,0.144454386388525,-0.0017152969996399037,-0.1095588997030762
GTC,0.00402171515256855,0.04236352091147322,-0.06383319327726977,-0.21895422411475618,0.022385270585199124,-0.09077217542357507
GTG,-0.04574593824701734,-0.0312628206445793,0.10213310924363173,0.23169794983986036,-0.013720588237722264,0.24691849740952398
GTT,0.025409188443716313,0.007851053801704477,-0.03829991596636173,-0.15719811211362933,-0.006949385347837733,-0.04658742228287338
GCA,0.005483128208564336,-0.04981979410791748,-0.003093379328662327,0.41406914673128375,-0.020058571692942895,0.02335440350064244
GCC,-0.03731807559078337,0.04579561936908494,0.004536956348704768,-0.5447864832745712,3.831420932520757e-05,0.017195403453746483
GCG,-0.025943462393592687,0.0011688480596187545,0.0032996046172397973,-0.2761430788106438,0.00920906085266271,0.0006559676425599292
GCT,0.057778409775812056,0.002855326679213066,-0.004743181637282046,0.4068604153539317,0.010811196630954756,-0.041205774596949185
GGA,0.04665704179674002,-0.03065175138830023,-0.007334471442964174,0.09764584268479748,-0.018905484575064024,-0.14432545892333515
GGC,-0.03038087773469922,-0.011772864101391667,0.005500853582222742,-0.25257825940959866,0.013670939564604634,0.04907287610406996
GGG,-0.0037469218469516896,0.06372028091222781,-0.0033005121493338008,0.002759731725302972,0.013071189459143429,0.01786714322636951
GGT,-0.012529242215089553,-0.021295665422535803,0.005134130010074567,0.1521726849994986,-0.007836644448684482,0.0773854395928959
GAC,-0.025448842106679415,0.006058209311489149,-0.00032802149320954044,-0.2855175978678399,0.018551613427195246,0.05948877975753719
GAT,0.025448842106679526,-0.006058209311488927,0.00032802149320959595,0.2855175978678403,-0.018551613427195024,-0.0594887797575373
GAA,0.04036751770858149,-0.015873440760315605,0.01616466677907169,0.0359046873921145,-0.009128393466448781,-0.12701419183207974
GAG,-0.04036751770858138,0.015873440760315605,-0.0161646667790718,-0.0359046873921145,0.009128393466448781,0.12701419183208007
TAA,0.0396705214743408,-0.14685422285307892,0.0,0.3858609843062624,-0.0009570087595669741,0.0
TAG,-0.03409075234024794,-0.03230334582493377,0.0,0.0,0.04520108508009102,-0.1118728929337222
TGA,-0.005579769134093082,0.17915756867801247,0.0,-0.38586098430626237,-0.04424407632052363,0.11187289293372249
