,21vs3,3vs6,15vs18,18vs21
AAA,0.003969154353242188,-0.02992037845356932,-0.14021238240958855,-0.10531727838032001
AAG,-0.003969154353242299,0.029920378453569096,0.14021238240958855,0.10531727838031979
AAC,-0.01723325469947201,-0.014890469022103447,-0.06896407602137611,0.167482987726842
AAT,0.0172332546994719,0.014890469022103225,0.06896407602137644,-0.167482987726842
ACA,-0.004115763259818328,0.031130412253909223,-0.3232571266475608,-0.35944678795187357
ACC,-0.04938878018789605,-0.04994360454208002,0.17449979073662192,0.08715746403939129
ACG,0.02795337047054325,0.033030106325075914,0.18514374928679284,-0.14481437565608932
ACT,0.025551172977171133,-0.014216914036904948,-0.036386413375854465,0.4171036995685713
AGA,0.01918010060732689,0.03964719396684813,-0.7693282051699353,0.19610634254378012
AGG,-0.06149964185489143,0.08451252800378861,-0.27367301158744706,-0.094128373006658
CGA,0.021199435232695962,-0.05712037298906991,0.39271593730304066,0.04826514333567955
CGC,0.016009277371114683,0.004252366483180392,0.6595824473733711,-0.44471425283251254
CGG,-0.008781136200884943,-0.05012898183293213,-0.14657341221671039,-0.03837118131212891
CGT,0.01389196484463906,-0.0211627336318142,0.1372762442976802,0.3328423212718391
AGC,0.04719954309103658,-0.023466236178038224,0.16407049127757056,0.07533482463289287
AGT,0.02893688808993433,0.04405085621414895,-0.3760794016451263,-0.09807922939105951
TCA,0.04437424302155024,-0.02567867759785969,-0.2442662559452473,-0.1401139853084341
TCC,-0.07243652860200611,-0.02192841000234269,0.3921208634302813,-0.021960057820063827
TCG,-0.0028583386114854337,0.011334304463774203,-0.00410670859485128,0.10239792853837941
TCT,-0.04521580698903027,0.015688163100317287,0.06826101147737318,0.08242051934828454
ATA,0.024358384868298222,0.05006942283892446,-0.30297131313532016,-0.09529740383589247
ATC,-0.058345190293381366,-0.07945495075196307,0.3260962188548171,0.2262628795646553
ATT,0.03398680542508348,0.029385527913037945,-0.023124905719497324,-0.13096547572876283
ATG,0.0,0.0,0.0,0.0
TTC,0.019373828547603278,-0.002394569133489677,0.25500853570538484,0.019930915494017487
TTT,-0.019373828547603278,0.002394569133489788,-0.25500853570538506,-0.019930915494017376
TAC,0.020537500241162965,-0.014710843024952958,0.15843935128603182,-0.13080214713524363
TAT,-0.020537500241163076,0.014710843024952847,-0.15843935128603148,0.13080214713524407
TGC,0.04288182207281288,-0.08536428873182511,0.03925361574999098,0.06313577709948937
TGT,-0.04288182207281299,0.08536428873182489,-0.03925361574999109,-0.06313577709948903
TGG,0.0,0.0,0.0,0.0
CTA,0.019343065283764616,-0.013802185667551758,-0.27741187352603036,-0.0060113455905199675
CTC,-0.01944213266850281,0.00023433796879257507,-0.12953477085872778,0.09796815475205922
CTG,0.007475735705851694,-0.09633496382413131,0.45723614779397437,0.41331924582777013
CTT,0.00623351772988745,0.06628508164732372,0.1576459722943797,-0.012692950185247298
TTA,0.01709944229320942,0.017160662574825,-0.5996266876064937,-0.09255667245175614
TTG,-0.030709628344210427,0.02645706730074182,0.3916912119028987,-0.40002643235230617
CCA,-0.0726712256006008,-0.07970510175235446,-0.41680879001746707,-0.04775749997205048
CCC,0.05476735020365031,0.08741014101601707,0.6063266536228167,-0.1561937966182363
CCG,0.053065772885359075,0.004435942857707931,-0.1925439136529632,0.08533972663911854
CCT,-0.03516189748840892,-0.01214098212137138,0.003026050047614026,0.11861156995116762
CAC,-0.031758491850748305,-0.10231076223361191,-0.07500811480290026,-0.10188570075503645
CAT,0.03175849185074797,0.10231076223361174,0.07500811480290015,0.10188570075503633
CAA,-0.022420261982736167,-0.039654594152582434,-0.4185740640903337,-0.13772011564746695
CAG,0.022420261982736056,0.03965459415258232,0.41857406409033393,0.137720115647467
GTA,0.06072802874576422,0.029120145785616613,-0.44091995758764596,-0.08633514185505389
GTC,-0.023588351226514703,-0.07212021055181106,0.29670868327035216,0.07330777859536908
GTG,-0.031470970513019614,0.039835196089024194,0.10370357749482206,-0.04986993114635396
GTT,-0.0056687070062300116,0.0031648686771703627,0.040507696822471906,0.06289729440603953
GCA,0.03901183728510338,0.04656127640505903,-0.4882307957529951,0.0703717137383697
GCC,-0.04695388208043405,-0.022856517064994808,0.3224404630130595,0.025493344904030657
GCG,0.0020162399499896733,0.06327806984133483,0.04891588390033205,-0.11206680815344665
GCT,0.0059258048453414425,-0.08698282918139877,0.11687444883960318,0.016201749511047137
GGA,0.04802279924489816,0.022208721150074773,-0.25684707212090485,0.33460106550992186
GGC,-0.019050643802226208,0.017203539619176977,0.18022624543600285,-0.23877091007165774
GGG,-0.012670760730004615,-0.02500888631525522,-0.03820257086312073,-0.018795119959693185
GGT,-0.01630139471266734,-0.01440337445399631,0.11482339754802251,-0.07703503547857027
GAC,0.014316058760480699,-0.01241314365436974,0.028094044390287065,0.029093040684871174
GAT,-0.014316058760480588,0.012413143654369518,-0.028094044390287065,-0.029093040684870952
GAA,0.030043653284803296,0.0002651847450313438,-0.07129561572655141,-0.10367283913595193
GAG,-0.030043653284803185,-0.00026518474503145484,0.07129561572655141,0.10367283913595182
TAA,0.21340824323552532,0.0,0.09912749252197306,0.06522323307741618
TAG,-0.014360320023951378,0.11074578920988865,0.25188404283383997,0.3291749039326187
TGA,-0.1990479232115745,-0.11074578920988842,-0.351011535355813,-0.3943981370100351
