,3vs6,3vs9,3vs12,3vs15,3vs18,3vs21
AAA,-0.03114599061621437,-0.0568463443481666,-0.046271759790791345,-0.0419097385317766,0.032570430931925465,-0.04318364383721496
AAG,0.031145990616214814,0.05684634434816649,0.04627175979079112,0.0419097385317766,-0.032570430931925465,0.04318364383721485
AAC,0.01124921892444486,0.13930804299147503,0.06435039114178132,0.10012208209800622,0.029599681299024128,0.04343915438608503
AAT,-0.011249218924444748,-0.1393080429914748,-0.06435039114178132,-0.10012208209800633,-0.02959968129902424,-0.043439154386085144
ACA,0.005447401245375572,-0.07725947605481998,-0.11264751352248759,-0.35464932882535405,-0.1918956063212789,-0.12024249440885915
ACC,0.00907469177741782,0.12884280341508836,0.08623095635873468,0.29073533412610386,0.12169226806079858,0.10243807418114281
ACG,7.527616646163526e-05,0.027189028261146553,0.057074609990534375,0.11426013319295167,0.06631703992051122,0.06947426154473407
ACT,-0.01459736918925536,-0.07877235562141482,-0.0306580528267818,-0.050346138493701176,0.0038862983399696738,-0.05166984131701691
AGA,-0.05134187773145582,-0.3356909008704263,-0.12160535290619356,0.023128172201172914,-0.006600186162752042,-0.1963611488474002
AGG,-0.054314352850146186,0.005971250117502658,-0.07760666892407952,-0.44250069693762084,-0.16695782153647043,-0.005827224633644157
CGA,0.009928162587929834,-0.02944591488175452,-0.009815357403163083,0.28596877694709155,0.037075975209530654,0.05040015694470734
CGC,0.04441892987728202,0.05617359964728441,0.13757768512135282,0.02509425261859155,0.029158129772699826,0.04636055425162011
CGG,0.010008338905377556,0.27362608251488907,0.07286895976853525,0.27012510554685487,0.14868671286097035,0.12131107711464517
CGT,0.041300799211012096,0.029365883472505294,-0.0014192656564507855,-0.1618156103760896,-0.04136281014397869,-0.015883414829928832
AGC,0.04139795580487804,0.2446236185360683,0.17575614420009034,0.13605678607566052,0.06536584880599539,0.10855417293707226
AGT,-0.021716327472455665,-0.1069831199694593,-0.07224562306838833,-0.2420807152201112,-0.13261696968405268,-0.053648549013905145
TCA,-0.026920805182315655,-0.10961789925951981,-0.04444616379605126,0.017349581161586247,0.05860564421554959,-0.06350073130963896
TCC,0.011038037194480488,0.1268165932833729,-0.02530243787830222,-0.003260658581060838,0.01845261741852,0.029763356932596352
TCG,0.017721001583865525,0.018317027583636125,0.0015672438372095754,0.0860447484527086,0.015481985451313768,0.03525050537382762
TCT,-0.0215198619284529,-0.17315622017409682,-0.03532916329455715,0.005890258111217017,-0.025289126207326484,-0.0564187549199513
ATA,-0.019837419589748995,-0.05977181480667437,-0.04110571627902693,-0.020837402728441146,0.016049359179802547,-0.03887034959184699
ATC,0.040599310329158644,0.1211804244014103,0.10037037727428677,0.10925277081843876,0.011361911833666083,0.06321915282579904
ATT,-0.020761890739409705,-0.061408609594736596,-0.059264660995259844,-0.0884153680899975,-0.02741127101346863,-0.0243488032339525
ATG,0.0,0.0,0.0,0.0,0.0,0.0
TTC,0.04120724859961067,0.06275004680989171,0.051145791478671265,0.07848123255753903,-0.006505232018618079,0.029352376951078618
TTT,-0.04120724859961067,-0.06275004680989182,-0.051145791478671154,-0.07848123255753936,0.006505232018617857,-0.02935237695107895
TAC,0.022478353463044387,0.08125676995672582,0.03077480444670977,0.00664413026386268,0.007772966620207544,0.04965201938568775
TAT,-0.022478353463044387,-0.08125676995672537,-0.03077480444670999,-0.00664413026386268,-0.007772966620207433,-0.04965201938568775
TGC,0.001940733227922653,0.17979847056079878,0.011416498888021431,0.01711670417926081,-0.006917625308724529,0.017231140296269265
TGT,-0.001940733227922764,-0.17979847056079867,-0.01141649888802121,-0.0171167041792607,0.006917625308724418,-0.017231140296269265
TGG,0.0,0.0,0.0,0.0,0.0,0.0
CTA,-0.011118795766101364,0.06172796946011516,-0.05380233778357557,-0.10014328773577691,-0.03910563382812582,-0.026469358978564894
CTC,0.011267618394383172,0.12242734300530422,0.042396288081792965,-0.041472619006632794,-0.0022646988755521402,-0.025706865570638948
CTG,0.07424935841696678,0.14180600724163006,0.1104696291804288,0.173784823601431,0.04261227448668592,0.14923735473233535
CTT,-0.021537295640629117,-0.18023808049092727,0.011170509787267746,0.16046150351112765,0.07410916058183703,-0.007123910429360558
TTA,-0.03225760655763035,-0.08938356667057934,-0.07588887485332951,-0.15697162697782968,-0.06716704039795163,-0.05068599751855363
TTG,-0.02060327884698876,-0.05633967254554206,-0.03434521441258431,-0.035658793392320365,-0.008184061966893696,-0.039251222235217376
CCA,-0.03635177121962119,0.0017295170209405963,-0.08374322054856687,-0.27570268797035435,-0.08567160031344767,-0.08703832796369237
CCC,0.03436553366715267,0.10823576993725137,0.05937580479096516,0.05439348330358573,0.028221393950736084,0.041843404872135226
CCG,0.020901567829647694,-0.0030026100346032536,0.028806282370182013,0.1844533825757803,0.03331609938780858,0.07027952940763987
CCT,-0.01891533027717829,-0.1069626769235894,-0.0044388666125800835,0.0368558220909887,0.02413410697490237,-0.02508460631608256
CAC,0.023619822226097487,0.11757265798293559,0.046055942674778194,0.007035665448662298,0.027959063208328194,0.05204711415340135
CAT,-0.023619822226097598,-0.11757265798293559,-0.04605594267477853,-0.007035665448662187,-0.027959063208328416,-0.05204711415340124
CAA,-0.032749789014390185,-0.05833477003024823,-0.05113858809585847,-0.07597102419191565,-0.023388903599703692,-0.059847389522838634
CAG,0.032749789014390185,0.05833477003024812,0.051138588095858584,0.07597102419191559,0.023388903599703692,0.059847389522838634
GTA,-0.014076762128374165,-0.09974749478518513,-0.009191297161875833,-0.07890157147320531,-0.017010271130164067,-0.029950172178555112
GTC,-0.003855990384252772,0.07338386706533429,-0.005986067510183268,-0.0259515384102027,-0.07320332811784391,-0.01569314032696656
GTG,0.033018821228092854,0.14525237264570734,0.06614915320111114,0.06330456156789066,0.047138889378408155,0.02114812634254548
GTT,-0.015086068715465917,-0.11888874492585644,-0.05097178852905171,0.04154854831551702,0.043074709869599936,0.0244951861629763
GCA,-0.020013984544959285,-0.12263280010273658,0.0018019557414119536,0.05681304919634533,0.03957167760676883,-0.02358011615234834
GCC,0.03347675781442794,0.16797273589129413,0.04566687143711934,0.028303398370817412,-0.024789067878308257,0.027732811353816444
GCG,0.018668864925034445,0.08626781311637782,0.023063575029356742,0.10401773083443301,0.05400881325014892,0.055021740099748584
GCT,-0.032131638194503154,-0.13160774890493543,-0.07053240220788792,-0.18913417840159563,-0.06879142297860907,-0.059174435301216244
GGA,-0.03988390471454961,-0.16491794515575853,-0.09297152854658386,0.006117647771597956,0.05263471027391664,-0.07810802429361563
GGC,0.036066210028765866,0.06760462439026027,0.07088495456480448,-0.03715980954154041,-0.056596130482849505,0.07304973840038609
GGG,0.010910358278558019,0.1372619703987964,0.0232300131326868,-0.02419374201936897,-0.05601577661809065,-0.010151758484316709
GGT,-0.007092663592774495,-0.03994864963329803,-0.0011434391509075326,0.05523590378931126,0.05997719682702296,0.015210044377545806
GAC,0.01189441405176761,0.09672986525217686,0.041785397960221626,0.02260549047578886,0.002173830410790556,0.05676880555268404
GAT,-0.011894414051767943,-0.09672986525217708,-0.041785397960221626,-0.02260549047578897,-0.002173830410790445,-0.05676880555268382
GAA,-0.032404403848252716,-0.10326279431544128,-0.04667187585344956,-0.1257514507721973,-0.0697094805659868,-0.08104455539464939
GAG,0.03240440384825294,0.10326279431544161,0.046671875853449674,0.12575145077219707,0.06970948056598714,0.08104455539464928
TAA,-0.08490320767738735,-0.24808867518430844,-0.10916336709009378,0.10832352302359388,0.1854741849474013,0.09940778296521291
TAG,0.09515034417669188,-0.04329363028352495,0.03678348678253185,-0.2633314668648796,-0.09773718294853095,0.024676427498448117
TGA,-0.01024713649930431,0.2913823054678336,0.07237988030756193,0.15500794384128566,-0.08773700199886991,-0.12408421046366103
